hotness_score,supply_score,demand_score,median_listing_price
96.59,96.08,97.11,416800
96.22,97.61,94.83,549750
96.22,96.38,96.05,309892
95.62,95.2,96.04,352550
93.32,91.99,94.66,342550
91.53,93.29,89.77,280000
91.4,96.08,86.72,714550
90.6,91.99,89.22,248050
89.19,85.32,93.06,319500
88.44,93.6,83.28,605000
88.31,88.42,88.21,349950
87.36,90.45,84.27,415050
87.32,89.42,85.22,446544
87.01,78.59,95.43,289500
86.99,90.03,83.94,398800
86.38,89.01,83.75,376040
84.86,79.41,90.31,304850
84.39,94.22,74.56,412000
83.54,88.42,78.67,667300
82.53,77.16,87.89,268550
81.63,80.03,83.23,337050
81.38,79.41,83.34,744525
97.12,96.34,97.89,345000
95.99,96.1,95.89,346050
95.76,92.93,98.59,424550
95.44,93.7,97.18,312050
93.75,92.52,94.98,307549
93.71,90.5,96.93,558050
93.71,92.93,94.5,264950
91.36,94.94,87.78,322550
91.2,89.48,92.92,599500
90.76,93.7,87.81,734050
89.52,85.29,93.75,304900
89.44,94.48,84.4,312500
88.97,84.65,93.3,325050
88.82,93.35,84.29,419050
88.5,84.65,92.36,264300
88.16,92.52,83.79,427550
87.51,84.65,90.38,277550
86.84,87.58,86.11,367550
86.36,86.36,86.37,393050
83.41,78.07,88.74,917000
79.19,74.01,84.36,464500
78.56,88.41,68.71,678550
98.29,99.05,97.54,335050
97.41,99.05,95.78,340050
96.97,97.23,96.7,519950
96.64,97.23,96.04,300048
96.1,97.23,94.97,319050
95.94,96.01,95.87,434950
95.41,96.31,94.5,325050
93.29,89.04,97.53,256950
92.83,95.32,90.35,399050
91.97,92.2,91.74,315050
91.82,93.75,89.88,260050
91.72,97.57,85.88,678050
91.1,98.03,84.17,422135
90.85,89.04,92.65,749050
89.29,91.83,86.75,489050
88.62,85.9,91.33,279950
88.52,89.04,88,969050
87.37,95.32,79.43,335050
84.71,82.34,87.08,305050
84.55,79.46,89.64,588050
81.95,78.56,85.34,315050
77.82,63.93,91.71,395050
99.53,99.97,99.1,335050
98.49,98.24,98.74,302549.5
98.35,99.19,97.52,256950
97.79,97.76,97.82,345494
97.6,98.59,96.61,500050
97.35,99.02,95.68,314550
96.8,96.71,96.88,320050
96.34,97.63,95.04,264550
95.36,97.99,92.72,470494
95.24,99.19,91.29,346649
94.83,93.91,95.76,929750
94.04,96.58,91.51,307500
93.64,99.54,87.74,421231
93.45,94.9,92,311050
92.91,95.11,90.71,392550
91.1,94.19,88,337050
90.7,91.29,90.1,615050
90.29,93.91,86.67,320000
89.82,84.49,95.15,442050
89.27,82.89,95.64,750050
88.07,80.57,95.58,725050
99.54,99.81,99.27,264900
96.41,97.39,95.43,322550
96.23,94.56,97.9,347000
96.09,97.16,95.01,635050
95.91,98.32,93.51,399050
94.59,95.85,93.34,314500
94.21,92.5,95.93,678050
93.72,91.28,96.16,342450
93.56,89.34,97.78,515050
93.3,90.76,95.85,442500
92.84,88.43,97.25,300000
92.16,87.92,96.41,691550
91.45,96.26,86.64,310050
90.7,87.44,93.96,452500
90.48,89.34,91.61,349050
89.55,86.91,92.19,337525
89.51,90.22,88.81,317550
89.24,88.43,90.04,310050
88.7,84.74,92.66,384050
88.69,87.92,89.46,432188.5
88.63,92.98,84.28,269050
82.56,71.86,93.25,849500
96.23,97.33,95.13,350050
96.21,96.98,95.44,420050
95.82,92.93,98.71,279950
95.43,95.35,95.51,599050
93.74,92.93,94.56,300049
92.84,90.55,95.13,695050
92.72,97.5,87.93,314950
91.71,91.98,91.44,329950
91.46,97.5,85.43,385050
90.85,84.53,97.17,519950
90.68,90.55,90.81,595050
90.43,90.55,90.3,328050
89.76,90.55,88.97,389050
88.71,89.16,88.26,269050
88.15,92.59,83.7,316550
87.63,90.55,84.71,424040
87.5,87.78,87.22,300050
85.57,89.16,81.98,350050
83.4,85.13,81.68,321050
83.16,87.78,78.54,339950
82.31,76.34,88.29,449950
81.23,72.91,89.56,335050
77.05,64.78,89.31,849050
75.9,79.82,71.98,550050
97.05,98.2,95.89,414550
95.89,97.97,93.81,344950
93.18,93.18,93.19,294050
92.12,94.37,89.86,337050
91.35,96.17,86.53,579049
91.26,86.78,95.75,330050
90.94,98.2,83.69,315000
90.48,89.18,91.78,304549.5
89.79,95.85,83.74,415000
89.03,95.52,82.54,299049.5
88.91,85.75,92.06,654050
88.1,95.15,81.05,382550
87.22,82.79,91.66,504550
87.1,83.56,90.64,264900
86.9,88.65,85.14,264050
86.7,89.18,84.21,334549.5
86.62,92.11,81.14,327550
86.48,85.14,87.81,464500
79.88,71.94,87.82,393550
79.83,76.69,82.96,649950
79.68,78.85,80.51,296994
79.68,80.05,79.3,340050
77.91,77.21,78.6,365050
73.93,64.07,83.79,849050
62.86,58.16,67.56,550050
59.68,60.24,59.11,595040
97.54,98.38,96.69,396328.57
96.79,96.84,96.73,343785.71
94.91,94.45,95.36,271335.71
94.52,96.84,92.2,299545
94.16,96.54,91.78,337494
92.3,99.03,85.57,316682.14
92.22,90.48,93.97,698214.29
91.78,92.87,90.7,350000
91.78,95.93,87.63,316121.43
91.43,92.87,89.99,463500
91.36,92.87,89.85,391628.21
90.81,95.35,86.27,552407.14
90.79,89.36,92.21,276978.57
90.41,91.55,89.26,342550
89.5,90.48,88.52,302407.14
88.88,83.64,94.13,511692.86
87.11,91.03,83.19,373167.86
87.04,92.27,81.81,294550
87.01,88.83,85.19,350050
86.8,85.85,87.74,339850
85.2,92.87,77.54,600040
82.26,81.36,83.15,696550
81,84.45,77.55,394500
76.59,64.97,88.21,865042.86
75.5,64.97,86.03,275050
62.57,68.66,56.48,659050
96.27,98.68,93.85,297907.14
95.72,97.54,93.89,293335.71
93.69,92.82,94.56,328050
93.31,90.62,96.01,344235.71
93.08,95.86,90.31,349950
92.94,95.01,90.87,308621.43
92.76,90.62,94.89,411278.57
92.06,89.25,94.88,269335.71
91.6,96.73,86.48,333107.14
90.28,89.25,91.32,522192.86
89.8,87.78,91.81,705264.29
89.8,93.17,86.42,471621.43
88.83,90.62,87.03,362907.14
88.8,90.62,86.99,281478.57
88.73,92.21,85.25,396675.71
87.76,89.25,86.28,314457.14
87.1,96.73,77.46,399564.29
86.56,86.34,86.77,571907.14
86.48,90.62,82.35,299564.29
84.75,85.01,84.5,349478.57
83.8,93.17,74.43,289330
82.9,78.38,87.42,829992.86
81.35,81.62,81.09,375192.86
79.02,73.5,84.54,754552.86
77.23,81.62,72.84,606671.43
70.23,81.62,58.83,676764.29
96.36,99.41,93.31,274000
96.28,94.67,97.9,324950
94.5,95.5,93.51,499550
94.26,94.24,94.28,315500
94.12,90.9,97.34,299550
93.74,90.3,97.18,265045
92.62,93.77,91.48,422500
92.2,92.81,91.59,342450
92.15,93.37,90.92,699500
92.13,94.24,90.02,346050
88.95,88.84,89.06,306232
86.12,87.25,85,357050
86,88.84,83.15,295500
85.94,82.17,89.71,302550
85.01,86.53,83.49,300040
84.09,90.3,77.87,404487.5
83.02,84.33,81.71,472000
82.37,79.97,84.77,579050
81.59,80.69,82.5,797500
79.45,76.44,82.46,349050
78.77,82.17,75.38,379050
77.59,83.55,71.63,381494
73.95,67.13,80.78,345500
71.75,67.13,76.36,799930
69.72,66.25,73.18,690050
95.63,96.69,94.58,425907
95.31,97.36,93.25,254050
94.23,92.42,96.03,330050
91.5,85.48,97.52,259050
91.05,89.72,92.37,305050
91,92.42,89.57,699295
90.85,92.42,89.27,339950
89.29,83.57,95.01,295050
89.03,88.56,89.5,724950
88.47,94.82,82.12,475050
88.01,89.72,86.3,349050
85.72,79.56,91.89,490000
83.62,77.64,89.59,324550
83.36,93.59,73.13,399050
83.23,88.56,77.91,340050
82.59,83.57,81.61,306050
82.39,87.45,77.34,290049
82.12,81.52,82.72,850000
80.74,77.12,84.37,600049
80.41,83.57,77.26,385050
78.31,83.57,73.06,369050
76.49,81.52,71.46,335050
74.88,77.64,72.12,375050
65.59,79.56,51.61,549050
92.06,93.63,90.48,344549.5
91.75,92.95,90.55,338300
91.73,86.47,96.99,285050
91.4,92.04,90.76,494300
90.97,89.02,92.92,686550
90.88,89.02,92.75,432050
88.84,88.3,89.38,375000
88.42,83.04,93.81,322550
88.02,92.04,83.99,472000
87.78,90.3,85.27,297500
87.21,83.79,90.63,335050
86.73,82.32,91.14,249950
86.3,86.47,86.12,364550
86.04,83.04,89.04,609800
83.87,79.66,88.07,264050
83.66,81.5,85.82,809050
82.6,81.5,83.7,292550
81.92,81.5,82.35,313800
81.1,81.5,80.71,275050
80.03,72.77,87.28,288550
78.92,84.34,73.51,334535
75.73,76.25,75.21,382173.5
70.8,86.47,55.12,689550
70.02,67.25,72.79,699050
96.32,95.77,96.86,699950
94.6,95.07,94.12,422371.43
94.37,96.64,92.09,469050
93.3,96.33,90.27,612857.14
93.12,93.6,92.64,257585.71
90.41,87.47,93.35,320000
90.23,88,92.47,339450
90.11,84.01,96.21,280000
89.19,89.2,89.17,338800
88.39,89.76,87.02,289278.57
88.04,88.7,87.39,334500
86.55,88.7,84.41,259950
83.39,92.48,74.3,364907.14
83.18,85.25,81.11,258428.57
81.85,74.77,88.92,376050
79.5,80.16,78.83,270814.29
79.47,90.38,68.56,396295
78.73,80.16,77.29,329807.14
77,65.24,88.75,865966.29
76.27,71.58,80.97,648536.43
73.07,75.9,70.24,299121.43
71.35,57.9,84.81,477907.14
70.96,69.09,72.83,296400
48.27,46.26,50.28,693321.43
95.85,95.6,96.1,679950
93.25,91.69,94.8,507621.43
92.17,95.6,88.75,247335.71
92.09,96.94,87.24,328950
91.62,90.43,92.81,442121.43
91.26,92.46,90.05,322550
89.66,90.43,88.88,587807.14
88.16,85.19,91.13,345664.29
87.75,85.7,89.81,322800.29
87.39,88.02,86.77,284278.57
87.38,92.46,82.3,260478.57
84.51,75.19,93.83,279721.43
84.1,88.02,80.18,633501.43
82.59,86.86,78.31,271864.29
82.28,93.28,71.28,362907.14
80.89,84.6,77.19,257092.86
79.68,69.89,89.46,834716.29
79.62,73.07,86.17,462907.14
79.5,89.06,69.95,296621.43
77.03,89.06,65,409711.43
76.93,66.23,87.64,365278.57
75.59,73.07,78.1,284850
72.4,81.19,63.6,328807.14
60.27,58.57,61.97,574764.29
45.7,48.7,42.7,723221.43
93.72,90.08,97.36,664950
91.37,91.27,91.48,589950
91.01,96.52,85.5,265050
90.83,94.73,86.92,284550
89.98,84.84,95.11,487050
89.02,86.67,91.36,279750
88.69,87.44,89.94,447550
88.36,91.27,85.46,311050
87.68,89.21,86.16,792800
87.18,90.08,84.28,325550
85.31,85.55,85.07,349050
85.29,85.86,84.71,251550
84.99,86.25,83.73,272500
84.92,95.78,74.05,489050
83.61,83.46,83.76,321994
82.95,90.49,75.41,265000
81.99,90.08,73.89,250800
81.62,79.07,84.17,239050
81.42,89.72,73.12,362050
81.16,77.17,85.15,450000
79.93,75.68,84.19,362549.5
77.12,79.07,75.16,415050
74.18,85.86,62.49,327950
61.8,85.55,38.05,699050
58.8,40.52,77.09,639930
94.04,91.14,96.95,612800
93.28,96.46,90.1,410885.5
91.4,93.79,89.01,507050
91.17,95.75,86.59,273550
88.39,94.41,82.37,284050
88.36,87.41,89.31,610050
88.12,90.78,85.46,347550
86.56,87.79,85.33,308050
84.59,91.14,78.05,268050
84.54,90.78,78.3,317050
83.46,89.1,77.82,299500
83.34,83.34,83.33,241944
82.73,81.4,84.05,250000
82.61,75.01,90.2,784050
81.82,91.92,71.71,371550
81.14,90.78,71.49,275050
80.29,98.02,62.57,582050
78.96,77.34,80.58,589850
78.47,82.82,74.12,394950
75.36,82.82,67.9,373050
75.26,84.01,66.52,324950
74.22,72.5,75.95,332500
69.96,86.59,53.32,247050
68.38,71.88,64.89,452500
58.42,52.45,64.38,678050
95.41,92.43,98.4,649950
91.76,90.44,93.08,470050
91.44,93.72,89.16,319050
91.23,88.99,93.47,624950
90.91,98.85,82.96,539050
89.13,88.99,89.28,400050
88.55,94.4,82.69,345050
87.92,92.82,83.02,360050
87.59,92.82,82.36,279050
86.58,96.8,76.36,245300
86.48,93.72,79.24,389550
86.44,91.68,81.19,289050
85.03,82.42,87.64,270050
84.64,87.66,81.61,250049
83.84,91.68,76,320050
83.41,91.68,75.14,255050
82.84,86.34,79.34,249950
82.3,87.66,76.94,335050
81.25,87.66,74.83,699050
80.6,95.96,65.24,324950
79.23,72.09,86.38,849050
78.72,86.34,71.09,394950
78.49,79.43,77.54,450050
76.44,86.34,66.54,262950
73.2,76.23,70.17,459050
70.68,75.37,65.99,260050
96.06,98.96,93.16,309550
95.99,94.59,97.39,624800
92.22,99.36,85.08,397025
91.64,91.53,91.74,465000
88.06,90.01,86.11,401799.5
88.04,82.81,93.28,570000
87.36,91.53,83.18,686550
87.08,95,79.15,344525
86.63,91.99,81.28,294537
84.24,88.49,79.98,385050
83.86,79.02,88.69,817550
82.38,91.03,73.74,339550
81.79,93.25,70.34,265550
81.52,88.49,74.54,279950
80.49,85.36,75.62,450050
80.02,81.63,78.41,265050
79.57,92.82,66.32,330050
79.57,90.6,68.53,268050
78.78,86.69,70.86,315045
78.56,90.6,66.52,258050
78.3,91.53,65.07,388455
77.36,89.48,65.24,265050
76.61,78.37,74.84,242500
71.51,81.12,61.9,248450
68.57,73.14,64.01,449000
94.71,92.71,96.7,599050
90.32,85.62,95.02,627550
89.84,94.66,85.02,279550
89.72,92.71,86.72,269050
89.55,90.27,88.83,467050
89.13,87.15,91.1,317500
85.97,90.84,81.1,274950
83.88,84.24,83.51,737050
83.78,95.05,72.52,275000
83.62,86.63,80.62,675957.5
82.43,87.72,77.14,335000
82.05,90.84,73.25,375550
80.52,86.2,74.83,234550
80.5,87.15,73.84,285944
80.27,90.84,69.71,339750
79.07,83.51,74.63,410049.5
78.5,89.21,67.78,259050
76.68,83.51,69.86,269050
75.5,88.26,62.74,341300
75.48,86.2,64.77,449050
75.12,81.54,68.7,319550
74.97,78.73,71.21,367300
69.23,83.51,54.96,255050
67.57,75.75,59.39,388050
48.52,23.08,73.96,450050
92.25,94.27,90.23,679050
90.24,93.41,87.07,599950
89.5,97.75,81.24,269050
89.34,94.27,84.42,480000
88.37,93.41,83.33,289050
87.7,97.16,78.25,290050
87.11,98.15,76.07,282050
85.57,87.8,83.34,749950
84.94,90.31,79.58,319050
84.6,88.99,80.21,230050
83.91,96.04,71.78,340050
83.3,90.31,76.28,409050
83.22,92.63,73.82,289050
80.14,92.31,67.96,325050
79.54,90.31,68.77,339050
79.32,97.34,61.29,599550
79.16,88.99,69.34,320050
78.91,95.15,62.67,399050
76.7,92.63,60.78,462050
76.64,83.84,69.44,671965
74.36,87.8,60.92,270550
72.24,80.33,64.15,255050
72.14,90.31,53.97,390687
71.4,92.63,50.18,250050
70.76,81.94,59.58,369050
35.15,7.89,62.4,475050
94.92,95.6,94.24,676550
92.15,96.42,87.88,485300
88.78,94.2,83.36,269950
86.55,97,76.09,349800
85.75,97.32,74.18,272050
85.73,96.42,75.04,288050
85.72,86.69,84.76,612050
84.74,94.54,74.94,329950
84,90.57,77.42,425000
83.68,92.89,74.48,290000
83.3,88.94,77.66,235043.5
81.89,98.8,64.99,382550
80.88,86.69,75.06,330000
79.48,84.72,74.24,349550
79.25,86.69,71.8,320045
79.15,87.72,70.58,288050
78.58,79.76,77.4,739999.5
78.16,94.91,61.41,438800
75.93,81.73,70.14,635277.5
74.39,88.27,60.51,273025
73.86,87.23,60.5,397550
72.32,82.24,62.39,379300
72.17,86.69,57.64,249950
71.97,81.07,62.87,260040
32.52,8.1,56.94,475050
93.56,96.56,90.55,271050
92.97,98.92,87.02,351450
90.4,91.59,89.21,486994
88.86,97.78,79.95,324550
88.12,92.72,83.53,385800
87.52,89.98,85.06,272300
87.31,92.12,82.51,413978.5
87.16,96.28,78.04,289050
87.04,92.12,81.96,319050
87.01,81.14,92.88,624550
86.81,88.84,84.77,332250
86.36,87.22,85.5,286300
83.13,77.05,89.2,619800
81.28,79.15,83.42,742550
79.9,82.5,77.3,289850
79.78,84.04,75.52,227550
79.37,92.12,66.61,330050
78.84,81.14,76.55,648225
77.91,87.71,68.12,445000
77.74,91.03,64.45,272050
75.34,83.31,67.37,352550
72.8,82.5,63.09,259000
70.51,91.03,49.99,252050
68.93,84.84,53.02,401193.5
35.2,17.17,53.23,499050
89.98,89.53,90.43,480050
89.87,94.62,85.12,320050
89.54,94.62,84.46,320050
88.92,94.62,83.22,410050
88.7,97.26,80.14,329050
86.33,89.53,83.14,328050
86.01,86.6,85.42,295050
85.02,88.15,81.89,290050
83.73,80.65,86.8,644550
83.66,75.26,92.07,649050
83.2,88.15,78.25,339050
82.32,86.6,78.04,289950
81.72,92.82,70.62,449950
81.34,78.67,84,725050
81.04,85.14,76.95,285050
79.44,80.65,78.24,255050
79.03,83.95,74.1,275050
78.39,77.13,79.66,353450
78.34,78.67,78.01,624550
77.96,89.53,66.4,365050
76.15,91.8,60.5,404950
75.03,69.98,80.08,280550
73.1,77.13,69.06,230050
70.08,82.56,57.6,250050
38.99,37.54,40.44,515050
95.56,97.45,93.67,467300
90.43,95.77,85.08,329775
90.4,96.11,84.68,323650
90.21,88.4,92.02,639050
89.14,90.66,87.62,412050
88.85,94.39,83.3,334950
88.08,91.5,84.66,677050
87.33,89.65,85.01,327000
86.28,89.65,82.9,289050
85.45,90.14,80.77,229550
85.29,91.5,79.07,289500
84.8,89.65,79.95,282550
84.54,92.92,76.15,282550
83.32,84.63,82.01,749050
82.46,83.37,81.54,367050
82.35,95.13,69.58,312550
81.77,90.66,72.89,367500
80.45,87.32,73.58,250050
80.12,87.32,72.93,324550
79.12,78.04,80.2,648637.5
78.59,85.33,71.84,276500
76.44,88.99,63.9,402000
72.89,80.75,65.04,272050
72.23,74.19,70.27,472550
56.37,70.73,42.02,505050
94.31,94.69,93.93,335550
91.77,90.44,93.1,642050
90.26,88.86,91.65,489050
90.08,90.44,89.72,422500
89.81,95.68,83.93,284050
89.63,90.44,88.82,719550
88.23,88.86,87.61,645078.5
87.97,92.8,83.14,359050
87.74,87.19,88.28,322550
86.28,90,82.56,289500
85.74,84.37,87.11,335050
84.99,93.11,76.87,359550
84.29,93.52,75.07,230000
83.73,87.74,79.72,285050
82.36,88.3,76.43,457550
81.58,87.74,75.41,272550
81.49,86.61,76.37,685105.5
79.81,90,69.61,277049.5
79.79,81.34,78.24,332050
78.91,90.44,67.39,272050
77.97,80.51,75.43,320550
77.26,82.62,71.9,310050
76.85,94.27,59.43,393950
75.61,83.19,68.03,230550
63.15,75.67,50.62,475050
95.11,96.29,93.94,340050
94.97,96.29,93.65,650050
93.9,98.14,89.66,338050
93.78,92.32,95.25,479050
93.58,97.43,89.73,315050
91.44,94.75,88.14,414950
90.31,93.93,86.69,277050
89.79,93.23,86.34,615550
89.46,93.23,85.69,350050
89.23,97.79,80.67,329950
88.65,95.43,81.86,465050
88.5,89.1,87.89,280050
88.13,97.43,78.84,288938
86.86,84.39,89.33,759050
86.86,85.71,88.01,369050
86.16,91.14,81.19,285050
84.03,90.11,77.95,239950
83.86,86.86,80.86,319050
81.1,79.53,82.67,259050
77.94,85.71,70.16,495050
74.76,76.58,72.94,638748
73.31,80.75,65.87,239550
70.2,79.53,60.88,400039
68.6,67.53,69.68,320050
68.56,69.2,67.92,674996
67.48,63.17,71.78,269618
95.43,93.65,97.2,665050
94.71,96.3,93.11,337050
94.52,93.31,95.73,467050
93.74,95.64,91.83,627050
92.8,95.4,90.2,277950
91.68,93.31,90.05,322050
91.55,92.77,90.32,408950
91.33,89.96,92.7,719494
89.99,93.65,86.34,385050
89.04,93.31,84.77,375050
89,95.85,82.15,342525
88.78,94.82,82.73,273550
87.19,90.31,84.07,463050
86.01,92.18,79.85,272500
85.08,93.31,76.86,256050
84.63,91.2,78.07,258550
82,91.9,72.09,321950
81.87,85.82,77.92,288450
79.81,90.91,68.71,402000
79.17,81.35,76.98,648984.5
77.67,86.09,69.24,570495
76.61,88.2,65.02,239950
73.79,86.49,61.08,342050
67.64,79.95,55.33,249550
63.78,65.25,62.3,789050
98.2,99.32,97.09,582500
95.36,97.39,93.34,335000
95.14,92.3,97.98,619550
93.69,95.48,91.91,277500
93.58,94.59,92.57,409000
92.85,94.93,90.76,359525
92.79,96.54,89.03,275450
92.36,96.24,88.48,275050
92.28,87.78,96.78,492500
91.79,94.42,89.17,312050
91.39,96.38,86.39,358050
91.13,96.85,85.4,520050
89.97,88.13,91.81,745038
87.94,96.1,79.78,457550
87.25,97.86,76.64,232050
86.1,90.99,81.2,648918.5
85.74,94.2,77.27,310044.5
85.07,92.3,77.84,282000
84.82,96.54,73.1,349050
82.31,93.54,71.07,249500
81.88,80.24,83.51,395000
81.79,92.02,71.57,257450
80.39,95.78,65,395370.5
80.06,92.02,68.1,245050
74.22,92.76,55.67,769050
96.82,95.42,98.22,665050
95.29,97.37,93.22,323850
93.63,94.74,92.52,310550
92.94,91.22,94.66,499050
91.13,98.38,83.87,455004
90.77,94.74,86.81,414950
90.63,96.95,84.31,365050
90.09,94.74,85.45,275050
89.97,87.13,92.8,660050
89.89,95.42,84.36,271850
89.62,91.76,87.49,389950
89.54,91.76,87.32,305050
89.51,83.83,95.2,549050
89.26,99.12,79.4,799050
88.58,90.09,87.07,230050
88.33,96.5,80.16,330050
85.43,94.74,76.13,309050
84.57,96.06,73.08,255050
83.66,96.95,70.37,380040
83.16,74.31,92.01,700050
82.56,90.09,75.03,245050
82.18,83.83,80.53,275050
82.05,85.1,79,379050
79.79,85.78,73.79,265050
74.49,94.74,54.24,238050
59.93,48.11,71.74,530050
95.67,92.83,98.51,667550
95.01,98.3,91.72,329950
94.48,95.61,93.35,492050
93.55,94.6,92.5,579500
91.4,96.35,86.45,359050
90.4,96.35,84.45,424300
90.27,92.45,88.09,315050
88.87,95.01,82.74,362000
88.39,96.91,79.88,277050
88.06,95.61,80.52,419050
86.47,87.06,85.88,674600
84.97,93.57,76.36,300050
84.5,91.59,77.4,236000
84.33,95.61,73.06,268450
83.74,88.44,79.04,247545
83.12,97.07,69.17,391691
82.96,93.14,72.79,305044.5
82.87,82.79,82.95,799050
82.83,93.98,71.69,256050
82.78,88.44,77.11,377500
82.58,89.42,75.75,304300
82.25,93.57,70.93,278550
81.11,74.94,87.29,631567.5
75.63,90.9,60.37,238494
72.24,86.07,58.41,259550
62.08,66.03,58.13,521045
96.52,95.99,97.04,470050
95.59,97.82,93.35,323550
93.92,95.5,92.34,624004.5
91.51,91.27,91.76,573550
90.78,96.56,85,291050
90.54,92.2,88.88,332500
89.24,93.57,84.91,245050
88.29,95.21,81.38,410050
87.21,92.92,81.5,443050
87.03,96.86,77.21,302525
86.74,97.82,75.66,278800
86.23,92.57,79.89,315050
85.42,87.93,82.91,707500
84.57,98.15,70.99,237000
82.91,90.86,74.96,259550
82.26,79.12,85.41,633925
82.14,95.73,68.55,301392.5
81.41,92.57,70.25,372500
81.34,95.73,66.95,395324.5
81.24,87.57,74.9,357450
81.03,96.29,65.76,277050
76.55,91.27,61.83,250050
76.41,89.65,63.17,542049
73.94,79.12,68.76,277050
68.93,83.25,54.61,229050
94.84,96.1,93.58,329050
94.78,94.34,95.21,624938
94.75,91.71,97.79,458050
93.55,95.58,91.52,245050
92.7,95.58,89.82,632959
91.6,96.74,86.46,414950
91.01,96.74,85.28,239050
90.72,95.58,85.87,299050
88.79,98.28,79.31,310050
88.72,89.62,87.83,314950
88.7,96.1,81.3,279050
87.86,87.81,87.9,729938
86.52,88.68,84.37,359050
86.52,91.71,81.34,450050
86.18,93.65,78.71,305938
84.33,94.34,74.31,396691
84.31,92.87,75.75,345050
84.28,93.65,74.91,339950
83.45,94.98,71.92,260040
80.82,90.55,71.08,273050
79.02,91.71,66.33,225050
78.71,76.17,81.25,633925
78.53,90.55,66.52,250049
78.02,86.57,69.48,299050
64.85,71.92,57.77,550050
97.69,98.9,96.47,640050
95.71,94.73,96.68,459300
95.14,97.44,92.85,327950
93.92,92.09,95.75,632050
92.4,94.31,90.5,230000
92.34,96.43,88.26,439493.5
92.08,92.86,91.3,279550
91.66,95.63,87.69,414695
91.37,96.95,85.78,275050
90.87,92.53,89.2,245050
90.01,92.53,87.48,317550
89.69,93.24,86.13,372050
89.06,97.63,80.49,399050
88.75,90.03,87.48,325050
88.4,95.34,81.46,269550
87.79,98.63,76.95,222550
85.92,86.98,84.85,719950
85.79,96.21,75.38,259550
85.58,94.73,76.43,326050
84.42,90.47,78.38,290665
83.94,98.03,69.85,312500
83.42,96.21,70.62,317494
78.36,73.76,82.96,654437.5
77.12,79.17,75.06,245500
54.6,46.75,62.45,591856.5
94.76,95.25,94.27,315050
94.02,92.8,95.23,581050
93.7,97.67,89.72,340050
92.97,96.1,89.84,310050
92.84,89.75,95.92,459050
92.42,95.25,89.59,409950
91.92,93.76,90.07,280050
91.71,92.8,90.62,475050
91.59,98.45,84.72,259050
90.87,96.6,85.13,343199
90.85,87.49,94.22,585050
90.64,90.96,90.33,300000
90.18,91.8,88.55,265050
89.59,89.75,89.43,220050
89.24,96.1,82.39,315050
88.79,90.16,87.42,369050
86.79,93.76,79.83,325050
86.57,92.8,80.33,619015
85.11,83.76,86.46,295050
85.05,84.83,85.27,695050
84.1,93.76,74.44,269050
83.59,89.75,77.44,230050
80.62,88.97,72.28,250050
80.5,73.61,87.39,245050
62.92,63.56,62.29,588663
96.82,97.66,95.98,302549.5
95.63,98.37,92.89,307550
95.57,95.62,95.51,451050
95.17,97.66,92.69,251050
93.87,96.94,90.8,317500
93.78,91.48,96.09,603550
93.59,97.13,90.06,418295
93.59,96.48,90.7,294050
93.32,91.48,95.17,564500
92.63,88.81,96.44,217500
92.37,91.48,93.26,259050
91.93,96.48,87.38,357657.5
91.02,88.81,93.24,509944
90.93,93.96,87.91,369550
89.54,93.32,85.76,317500
89.27,91.48,87.05,337000
88.34,93.32,83.37,223050
86.63,89.79,83.48,235050
86.56,96.76,76.36,274950
85.25,89.79,80.71,334050
80.64,73.85,87.43,735050
78.41,83.21,73.61,577050
69.29,88.81,49.78,589050
67.18,60.31,74.04,295050
96.75,95.91,97.59,305050
95.7,96.37,95.04,558050
95.44,95.43,95.44,260049.5
94.86,95.43,94.28,299500
94.79,94.36,95.22,577050
94.76,96.37,93.15,315000
94.64,94.72,94.57,255050
94.43,96.1,92.76,312050
93.24,89.04,97.44,437425
92.25,92.4,92.1,424795
92.2,94.72,89.69,231075
91.98,95.91,88.06,322050
91.88,96.1,87.66,247050
91.44,93.74,89.13,374050
91.22,93.08,89.35,319994
90.91,88.1,93.71,540050
90.18,90.91,89.46,375050
90.02,87.55,92.49,222550
89.03,94.72,83.35,255050
86.25,84.08,88.42,365050
82.65,89.48,75.82,582050
81.21,78.25,84.17,246250
80.53,77.08,83.98,692550
76.51,66.32,86.7,288164.5
53.91,23.99,83.83,539550
97.49,96.86,98.12,422550
97.34,96.86,97.83,252050
96.67,94.94,98.4,600300
96.65,97.21,96.08,255050
96.35,93.59,99.11,300050
96.19,95.56,96.82,399050
95.57,95.56,95.57,298550
94,93.09,94.91,269950
93.71,90.01,97.41,569950
91.97,95.56,88.39,320050
91.41,87.02,95.8,500000
90.81,89.1,92.53,340050
90.71,92,89.42,341199
88.98,88.1,89.86,365050
87.78,92,83.57,229050
87.77,88.1,87.44,724950
86.63,85.63,87.63,250050
86.07,91.11,81.02,240050
79.21,75.27,83.16,220000
71.02,63.99,78.05,595050
68.13,49.72,86.54,286280
97.52,97.03,98,382050
96.53,95.09,97.98,241450
96.35,97.28,95.43,252050
95.79,94.39,97.18,299384.5
94.59,93.82,95.36,267300
94.5,92.05,96.95,608550
93.75,89.87,97.64,449994
93.62,95.84,91.39,342340.5
93.58,91.67,95.5,282550
93.39,88.54,98.25,552400
92.46,90.27,94.66,252525
91.36,93.07,89.66,742500
90.85,93.49,88.21,240450
89.58,90.27,88.9,337500
89.08,92.4,85.75,229050
88.62,84.3,92.93,476994
87.85,86.45,89.24,334525
86.71,87,86.43,229550
83.39,86.45,80.33,205550
75.48,75.23,75.73,286280
74.7,77.65,71.75,582045
97.78,97.13,98.42,305450
96.71,95.36,98.06,454050
96.64,94.65,98.62,367444
96.2,96.88,95.52,259050
95.96,97.82,94.11,290049
95.79,94.4,97.18,584050
95.45,95.59,95.31,257250
94.66,92.09,97.23,253550
93.53,97.13,89.93,244750
93.52,89.61,97.43,266207
92.81,95.87,89.75,324950
92.79,96.73,88.86,357995
92.7,90.84,94.56,742500
92.06,92.43,91.7,476550
91.89,88.87,94.91,624050
90.33,88.51,92.15,355050
89.64,87.62,91.66,199544
88.47,88.87,88.08,235000
88.25,81.96,94.53,289050
87.8,93.61,82,215050
87.07,91.14,83,282500
85.02,94.16,75.89,597050
98.72,99.18,98.26,297050
97.86,97.02,98.7,449500
97.76,97.31,98.21,357500
97.64,98.98,96.29,236300
97.08,97.16,97.01,285050
97.07,97.87,96.27,249750
96.22,97.43,95.01,255550
95.8,98.98,92.62,260050
95.74,95.01,96.47,565550
95.71,96.06,95.36,259050
95.22,96.9,93.55,346119
94.55,91.48,97.63,655000
94.46,98.9,90.03,275050
91.67,88.51,94.82,684050
91.33,92.67,90,334500
91.04,92.12,89.96,199050
90.39,94.11,86.66,234050
88.1,91.76,84.43,202500
86.36,84.61,88.12,336950
85.73,90.83,80.63,232550
84.88,77.77,91.99,499300
84.71,81.71,87.72,597564
82.92,83.69,82.15,246050
98.29,98.99,97.58,280025
97.43,96.81,98.06,445049.5
97.34,96.81,97.86,271550
96.56,98.89,94.24,335950
96.53,99.15,93.91,265050
96.11,96.45,95.78,597050
96.06,96.64,95.48,234050
94.96,91.67,98.26,520000
94.72,91.28,98.15,372525
94.64,96.45,92.83,274050
94.58,97.41,91.74,343000
94.16,95.8,92.52,243550
92.35,92.38,92.31,250000
91.43,85.34,97.51,542102.5
90.94,94.48,87.39,249950
90.84,86.68,95,739050
89.96,96.45,83.47,197550
86.48,91.67,81.3,232050
85.72,82.99,88.46,307000
85.53,83.55,87.51,243050
80.06,78.6,81.52,205049
79.72,66.82,92.61,499300
75.06,66.82,83.31,227050
74.9,64.87,84.93,694050
97.97,98.72,97.21,525050
96.35,95.87,96.84,282495
95.92,94.31,97.53,410025
95.53,95.06,96.01,283050
95.27,94.59,95.94,550050
93.75,94.01,93.5,367525
93.61,92.3,94.92,298050
92,87.76,96.23,553852.5
91.7,94.01,89.39,313145
91.6,94.01,89.18,275050
89.9,93.08,86.72,330050
88.89,93.75,84.02,239800
88.42,89.87,86.96,332450
88.03,92.3,83.75,246300
87.56,93.4,81.72,196000
87.3,88.58,86.02,269950
86.56,91.04,82.09,237300
85.64,86.23,85.05,199550
83.86,88.18,79.53,215550
82.91,75.29,90.54,687500
82.9,88.58,77.21,232525
80.69,83.58,77.79,223500
80.28,79.17,81.39,424050
97.71,98.61,96.8,545050
93.89,96.3,91.49,361738
93.56,99.29,87.83,255000
93.09,96.3,89.89,290050
92.57,95.04,90.11,275050
92.14,88.96,95.33,409050
92.02,94.22,89.83,577784
91.54,96.12,86.96,285049
90.82,95.78,85.86,335050
89.63,86.9,92.36,517499
88.69,92.7,84.67,392888
87.89,95.04,80.74,247050
87.02,93.49,80.56,329050
86.16,88.96,83.36,349950
85.96,87.9,84.02,200050
85.09,91.16,79.02,239950
83.93,81.6,86.26,299950
83.2,92.7,73.7,269950
82.8,91.16,74.45,232050
81.93,94.22,69.64,495050
81.93,76.8,87.06,695050
80.95,91.72,70.18,224938
73.84,87.9,59.77,197950
73.62,82.77,64.48,224050
68.33,86.09,50.57,219050
97.01,96.36,97.66,582050
96.2,97.32,95.08,583400
95.8,95.54,96.06,408050
93.68,98.85,88.51,279050
92.65,96.74,88.57,282500
92.34,93.97,90.72,379050
91.82,95.08,88.55,352050
91.34,97.69,84.98,337500
91.27,93.53,89.02,489000
90.52,96.9,84.14,285050
86.57,93.19,79.95,248550
85.89,87.7,84.07,289050
85.59,88.71,82.48,399950
85.36,96.12,74.6,329050
85.22,94.42,76.02,225050
84.92,95.89,73.96,275000
84.3,92.46,76.15,250000
84.25,94.77,73.72,270050
84.25,84.01,84.48,655050
83.22,94.42,72.03,218750
81.39,95.89,66.89,200012
81.31,94.42,68.21,229050
71.62,94.77,48.47,199525
69.53,74.1,64.96,227550
96.41,97.59,95.23,395050
93.05,93.19,92.92,576800
93.05,94.12,91.97,394550
92.89,97.26,88.51,292550
92.19,91.76,92.62,574550
92.15,96.82,87.48,292025
90.42,95.01,85.83,340050
89.58,95.63,83.53,218096
89.54,91.32,87.76,479975
89.11,97.74,80.47,340050
87.69,90.61,84.78,404500
86.81,93.19,80.44,194950
86.68,94.41,78.95,318750
86.61,98.69,74.52,264525
86.55,96.82,76.27,287550
86.26,94.12,78.39,267050
85.41,96.54,74.28,239500
85,98.69,71.31,199999.5
84.91,95.95,73.87,252500
84.82,95.01,74.63,351050
83.69,98.06,69.33,231750
82.59,91.32,73.86,248050
77.64,69.99,85.3,714050
60,69.28,50.71,237550
96.55,97.71,95.4,455050
96.53,96.26,96.79,409050
95.73,95.55,95.92,559050
94.43,95.55,93.32,297550
94.28,94.76,93.8,285050
92.67,94.03,91.31,389050
91.99,97.99,85.99,255050
91.76,93.36,90.15,299050
91.44,96.26,86.61,202050
90.25,94.76,85.75,249950
89.62,97.37,81.87,205050
88.57,91.48,85.65,349050
88.34,98.37,78.32,298850
87.84,96.98,78.71,265050
87.29,83.68,90.9,534950
87,91.48,82.52,475050
86.88,92.6,81.16,339950
86.68,96.26,77.1,239550
85.52,90.37,80.68,331965
85.43,83.68,87.17,190050
85.27,90.37,80.17,249050
85.01,82.34,87.68,695050
84.66,87.24,82.07,205050
83.54,85,82.08,400000
78.56,90.37,66.75,229050
